,Unnamed: 0,HomeTeam,AwayTeam,HomeScore,AwayScore,Time,Ref,HomeForm,AwayForm,HomeMissingPlayers,AwayMissingPlayers,Round,GD,HomeAtt,HomeDef,HomeMid,HomeOVR,AwayAtt,AwayDef,AwayMid,AwayOVR,y,Year,Month,Day,Round_Number
0,0,Swansea,Southampton,0,1,2018-05-08 21:45:00,Michael Oliver,2,5,4,4,Premier League Round 31 2017/2018,-1,75,75,77,76,78,77,78,78,-1,2018,5,8,31
1,1,Chelsea,Huddersfield,1,1,2018-05-09 21:45:00,Lee Mason,15,5,5,4,Premier League Round 35 2017/2018,0,85,82,85,84,73,72,73,73,0,2018,5,9,35
2,2,Leicester,Arsenal,3,1,2018-05-09 21:45:00,Graham Scott,1,7,4,4,Premier League Round 31 2017/2018,2,79,76,79,78,86,80,82,83,1,2018,5,9,31
3,3,Man City,Brighton,3,1,2018-05-09 22:00:00,Paul Tierney,10,6,4,4,Premier League Round 31 2017/2018,2,84,81,85,83,74,73,74,74,1,2018,5,9,31
4,4,Tottenham,Newcastle,1,0,2018-05-09 22:00:00,Neil Swarbrick,4,6,4,5,Premier League Round 31 2017/2018,1,86,81,82,82,74,75,75,75,1,2018,5,9,31
5,5,West Ham,Man United,0,0,2018-05-10 21:45:00,Jon Moss,5,9,5,2,Premier League Round 31 2017/2018,0,80,78,79,79,86,81,83,83,0,2018,5,10,31
6,6,Burnley,Bournemouth,1,2,2018-05-13 17:00:00,Paul Tierney,5,4,4,4,Premier League Round 38 2017/2018,-1,74,75,75,75,76,75,74,75,-1,2018,5,13,38
7,7,Crystal Palace,West Brom,2,0,2018-05-13 17:00:00,Jonathan Moss,11,11,4,4,Premier League Round 38 2017/2018,2,81,75,76,76,80,76,75,76,1,2018,5,13,38
8,8,Huddersfield,Arsenal,0,1,2018-05-13 17:00:00,Michael Oliver,6,4,4,4,Premier League Round 38 2017/2018,-1,73,72,73,73,86,80,82,83,-1,2018,5,13,38
9,9,Liverpool,Brighton,4,0,2018-05-13 17:00:00,Kevin Friend,5,5,4,2,Premier League Round 38 2017/2018,4,83,80,82,82,74,73,74,74,1,2018,5,13,38
10,10,Man United,Watford,1,0,2018-05-13 17:00:00,Lee Mason,10,4,3,8,Premier League Round 38 2017/2018,1,86,81,83,83,77,76,76,77,1,2018,5,13,38
11,11,Newcastle,Chelsea,3,0,2018-05-13 17:00:00,Martin Atkinson,3,13,4,4,Premier League Round 38 2017/2018,3,74,75,75,75,85,82,85,84,1,2018,5,13,38
12,12,Southampton,Man City,0,1,2018-05-13 17:00:00,Andre Marriner,8,13,4,4,Premier League Round 38 2017/2018,-1,78,77,78,78,84,81,85,83,-1,2018,5,13,38
13,13,Swansea,Stoke,1,2,2018-05-13 17:00:00,Anthony Taylor,1,3,4,5,Premier League Round 38 2017/2018,-1,75,75,77,76,78,77,77,77,-1,2018,5,13,38
14,14,Tottenham,Leicester,5,4,2018-05-13 17:00:00,Craig Pawson,7,4,4,4,Premier League Round 38 2017/2018,1,86,81,82,82,79,76,79,78,1,2018,5,13,38
15,15,West Ham,Everton,3,1,2018-05-13 17:00:00,Graham Scott,5,9,3,6,Premier League Round 38 2017/2018,2,80,78,79,79,79,79,82,80,1,2018,5,13,38
16,16,Tottenham,Watford,2,0,2018-04-30 22:00:00,Michael Oliver,7,2,4,4,Premier League Round 36 2017/2018,2,86,81,82,82,77,76,76,77,1,2018,4,30,36
17,17,Brighton,Man United,1,0,2018-05-04 22:00:00,Craig Pawson,3,12,1,1,Premier League Round 37 2017/2018,1,74,73,74,74,86,81,83,83,1,2018,5,4,37
18,18,Stoke,Crystal Palace,1,2,2018-05-05 14:30:00,Martin Atkinson,3,8,5,4,Premier League Round 37 2017/2018,-1,78,77,77,77,81,75,76,76,-1,2018,5,5,37
19,19,Bournemouth,Swansea,1,0,2018-05-05 17:00:00,Kevin Friend,2,2,4,4,Premier League Round 37 2017/2018,1,76,75,74,75,75,75,77,76,1,2018,5,5,37
20,20,Leicester,West Ham,0,2,2018-05-05 17:00:00,Chris Kavanagh,4,5,4,5,Premier League Round 37 2017/2018,-2,79,76,79,78,80,78,79,79,-1,2018,5,5,37
21,21,Watford,Newcastle,2,1,2018-05-05 17:00:00,Roger East,2,9,7,4,Premier League Round 37 2017/2018,1,77,76,76,77,74,75,75,75,1,2018,5,5,37
22,22,West Brom,Tottenham,1,0,2018-05-05 17:00:00,Mike Jones,8,7,4,4,Premier League Round 37 2017/2018,1,80,76,75,76,86,81,82,82,1,2018,5,5,37
23,23,Everton,Southampton,1,1,2018-05-05 19:30:00,Jonathan Moss,8,4,4,4,Premier League Round 37 2017/2018,0,79,79,82,80,78,77,78,78,0,2018,5,5,37
24,24,Man City,Huddersfield,0,0,2018-05-06 15:30:00,Mike Dean,9,4,4,4,Premier League Round 37 2017/2018,0,84,81,85,83,73,72,73,73,0,2018,5,6,37
25,25,Arsenal,Burnley,5,0,2018-05-06 18:30:00,Andre Marriner,4,8,4,4,Premier League Round 37 2017/2018,5,86,80,82,83,74,75,75,75,1,2018,5,6,37
26,26,Chelsea,Liverpool,1,0,2018-05-06 18:30:00,Anthony Taylor,13,8,4,4,Premier League Round 37 2017/2018,1,85,82,85,84,83,80,82,82,1,2018,5,6,37
27,27,Everton,Newcastle,1,0,2018-04-23 22:00:00,Robert Madley,8,12,5,3,Premier League Round 35 2017/2018,1,79,79,82,80,74,75,75,75,1,2018,4,23,35
28,28,Liverpool,Stoke,0,0,2018-04-28 14:30:00,Andre Marriner,11,2,5,5,Premier League Round 36 2017/2018,0,83,80,82,82,78,77,77,77,0,2018,4,28,36
29,29,Burnley,Brighton,0,0,2018-04-28 17:00:00,Roger East,10,2,4,4,Premier League Round 36 2017/2018,0,74,75,75,75,74,73,74,74,0,2018,4,28,36
30,30,Crystal Palace,Leicester,5,0,2018-04-28 17:00:00,Mike Dean,8,4,4,4,Premier League Round 36 2017/2018,5,81,75,76,76,79,76,79,78,1,2018,4,28,36
31,31,Huddersfield,Everton,0,2,2018-04-28 17:00:00,Lee Probert,5,8,4,6,Premier League Round 36 2017/2018,-2,73,72,73,73,79,79,82,80,-1,2018,4,28,36
32,32,Newcastle,West Brom,0,1,2018-04-28 17:00:00,David Coote,12,5,4,4,Premier League Round 36 2017/2018,-1,74,75,75,75,80,76,75,76,-1,2018,4,28,36
33,33,Southampton,Bournemouth,2,1,2018-04-28 17:00:00,Anthony Taylor,1,5,4,4,Premier League Round 36 2017/2018,1,78,77,78,78,76,75,74,75,1,2018,4,28,36
34,34,Swansea,Chelsea,0,1,2018-04-28 19:30:00,Jonathan Moss,2,10,4,4,Premier League Round 36 2017/2018,-1,75,75,77,76,85,82,85,84,-1,2018,4,28,36
35,35,West Ham,Man City,1,4,2018-04-29 16:15:00,Neil Swarbrick,5,6,4,4,Premier League Round 36 2017/2018,-3,80,78,79,79,84,81,85,83,-1,2018,4,29,36
36,36,Man United,Arsenal,2,1,2018-04-29 18:30:00,Kevin Friend,12,8,1,2,Premier League Round 36 2017/2018,1,86,81,83,83,86,80,82,83,1,2018,4,29,36
37,37,West Ham,Stoke,1,1,2018-04-16 22:00:00,Michael Oliver,4,1,4,4,Premier League Round 34 2017/2018,0,80,78,79,79,78,77,77,77,0,2018,4,16,34
38,38,Brighton,Tottenham,1,1,2018-04-17 21:45:00,Kevin Friend,1,12,5,4,Premier League Round 35 2017/2018,0,74,73,74,74,86,81,82,82,0,2018,4,17,35
39,39,Bournemouth,Man United,0,2,2018-04-18 21:45:00,Graham Scott,5,9,4,4,Premier League Round 35 2017/2018,-2,76,75,74,75,86,81,83,83,-1,2018,4,18,35
40,40,Burnley,Chelsea,1,2,2018-04-19 21:45:00,Robert Madley,15,7,5,5,Premier League Round 31 2017/2018,-1,74,75,75,75,85,82,85,84,-1,2018,4,19,31
41,41,Leicester,Southampton,0,0,2018-04-19 21:45:00,Roger East,6,3,4,4,Premier League Round 35 2017/2018,0,79,76,79,78,78,77,78,78,0,2018,4,19,35
42,42,West Brom,Liverpool,2,2,2018-04-21 14:30:00,Stuart Attwell,4,13,4,4,Premier League Round 35 2017/2018,0,80,76,75,76,83,80,82,82,0,2018,4,21,35
43,43,Watford,Crystal Palace,0,0,2018-04-21 17:00:00,Chris Kavanagh,1,7,6,5,Premier League Round 35 2017/2018,0,77,76,76,77,81,75,76,76,0,2018,4,21,35
44,44,Arsenal,West Ham,4,1,2018-04-22 15:30:00,Lee Mason,10,5,6,5,Premier League Round 35 2017/2018,3,86,80,82,83,80,78,79,79,1,2018,4,22,35
45,45,Stoke,Burnley,1,1,2018-04-22 15:30:00,Mike Dean,1,12,4,5,Premier League Round 35 2017/2018,0,78,77,77,77,74,75,75,75,0,2018,4,22,35
46,46,Man City,Swansea,5,0,2018-04-22 18:30:00,Craig Pawson,6,3,4,4,Premier League Round 35 2017/2018,5,84,81,85,83,75,75,77,76,1,2018,4,22,35
47,47,Arsenal,Southampton,3,2,2018-04-08 16:15:00,Andre Marriner,15,5,4,5,Premier League Round 33 2017/2018,1,86,80,82,83,78,77,78,78,1,2018,4,8,33
48,48,Chelsea,West Ham,1,1,2018-04-08 18:30:00,Kevin Friend,6,6,5,4,Premier League Round 33 2017/2018,0,85,82,85,84,80,78,79,79,0,2018,4,8,33
49,49,Southampton,Chelsea,2,3,2018-04-14 14:30:00,Mike Dean,4,7,4,4,Premier League Round 34 2017/2018,-1,78,77,78,78,85,82,85,84,-1,2018,4,14,34
50,50,Burnley,Leicester,2,1,2018-04-14 17:00:00,Martin Atkinson,13,7,5,4,Premier League Round 34 2017/2018,1,74,75,75,75,79,76,79,78,1,2018,4,14,34
51,51,Crystal Palace,Brighton,3,2,2018-04-14 17:00:00,Andre Marriner,4,4,5,2,Premier League Round 34 2017/2018,1,81,75,76,76,74,73,74,74,1,2018,4,14,34
52,52,Huddersfield,Watford,1,0,2018-04-14 17:00:00,Craig Pawson,2,4,4,6,Premier League Round 34 2017/2018,1,73,72,73,73,77,76,76,77,1,2018,4,14,34
53,53,Swansea,Everton,1,1,2018-04-14 17:00:00,Lee Mason,5,7,5,5,Premier League Round 34 2017/2018,0,75,75,77,76,79,79,82,80,0,2018,4,14,34
54,54,Liverpool,Bournemouth,3,0,2018-04-14 19:30:00,Chris Kavanagh,13,6,4,4,Premier League Round 34 2017/2018,3,83,80,82,82,76,75,74,75,1,2018,4,14,34
55,55,Tottenham,Man City,1,3,2018-04-14 21:45:00,Jonathan Moss,12,6,4,4,Premier League Round 34 2017/2018,-2,86,81,82,82,84,81,85,83,-1,2018,4,14,34
56,56,Newcastle,Arsenal,2,1,2018-04-15 15:30:00,Anthony Taylor,10,13,2,4,Premier League Round 34 2017/2018,1,74,75,75,75,86,80,82,83,1,2018,4,15,34
57,57,Man United,West Brom,0,1,2018-04-15 18:00:00,Paul Tierney,12,1,4,4,Premier League Round 34 2017/2018,-1,86,81,83,83,80,76,75,76,-1,2018,4,15,34
58,58,Arsenal,Stoke,3,0,2018-04-01 15:30:00,Craig Pawson,9,3,4,5,Premier League Round 32 2017/2018,3,86,80,82,83,78,77,77,77,1,2018,4,1,32
59,59,Chelsea,Tottenham,1,3,2018-04-01 18:00:00,Andre Marriner,6,12,4,4,Premier League Round 32 2017/2018,-2,85,82,85,84,86,81,82,82,-1,2018,4,1,32
60,60,Everton,Liverpool,0,0,2018-04-07 14:30:00,Michael Oliver,6,10,5,6,Premier League Round 33 2017/2018,0,79,79,82,80,83,80,82,82,0,2018,4,7,33
61,61,Bournemouth,Crystal Palace,2,2,2018-04-07 17:00:00,Jonathan Moss,6,3,4,7,Premier League Round 33 2017/2018,0,76,75,74,75,81,75,76,76,0,2018,4,7,33
62,62,Brighton,Huddersfield,1,1,2018-04-07 17:00:00,Anthony Taylor,6,4,1,4,Premier League Round 33 2017/2018,0,74,73,74,74,73,72,73,73,0,2018,4,7,33
63,63,Leicester,Newcastle,1,2,2018-04-07 17:00:00,Stuart Attwell,8,10,3,2,Premier League Round 33 2017/2018,-1,79,76,79,78,74,75,75,75,-1,2018,4,7,33
64,64,Stoke,Tottenham,1,2,2018-04-07 17:00:00,Graham Scott,2,12,4,4,Premier League Round 33 2017/2018,-1,78,77,77,77,86,81,82,82,-1,2018,4,7,33
65,65,Watford,Burnley,1,2,2018-04-07 17:00:00,Paul Tierney,7,10,4,5,Premier League Round 33 2017/2018,-1,77,76,76,77,74,75,75,75,-1,2018,4,7,33
66,66,West Brom,Swansea,1,1,2018-04-07 17:00:00,Roger East,0,7,6,4,Premier League Round 33 2017/2018,0,80,76,75,76,75,75,77,76,0,2018,4,7,33
67,67,Man City,Man United,2,3,2018-04-07 19:30:00,Martin Atkinson,9,12,4,4,Premier League Round 33 2017/2018,-1,84,81,85,83,86,81,83,83,-1,2018,4,7,33
68,68,Bournemouth,West Brom,2,1,2018-03-17 17:00:00,Graham Scott,5,0,4,4,Premier League Round 31 2017/2018,1,76,75,74,75,80,76,75,76,1,2018,3,17,31
69,69,Huddersfield,Crystal Palace,0,2,2018-03-17 17:00:00,Mike Dean,7,1,2,3,Premier League Round 31 2017/2018,-2,73,72,73,73,81,75,76,76,-1,2018,3,17,31
70,70,Stoke,Everton,1,2,2018-03-17 17:00:00,Martin Atkinson,3,6,4,4,Premier League Round 31 2017/2018,-1,78,77,77,77,79,79,82,80,-1,2018,3,17,31
71,71,Liverpool,Watford,5,0,2018-03-17 19:30:00,Anthony Taylor,10,9,2,7,Premier League Round 31 2017/2018,5,83,80,82,82,77,76,76,77,1,2018,3,17,31
72,72,Crystal Palace,Liverpool,1,2,2018-03-31 14:30:00,Neil Swarbrick,3,10,9,1,Premier League Round 32 2017/2018,-1,81,75,76,76,83,80,82,82,-1,2018,3,31,32
73,73,Brighton,Leicester,0,2,2018-03-31 17:00:00,Chris Kavanagh,9,8,3,2,Premier League Round 32 2017/2018,-2,74,73,74,74,79,76,79,78,-1,2018,3,31,32
74,74,Man United,Swansea,2,0,2018-03-31 17:00:00,Robert Madley,12,7,3,5,Premier League Round 32 2017/2018,2,86,81,83,83,75,75,77,76,1,2018,3,31,32
75,75,Newcastle,Huddersfield,1,0,2018-03-31 17:00:00,Martin Atkinson,8,4,3,3,Premier League Round 32 2017/2018,1,74,75,75,75,73,72,73,73,1,2018,3,31,32
76,76,Watford,Bournemouth,2,2,2018-03-31 17:00:00,Andrew Madley,6,5,4,4,Premier League Round 32 2017/2018,0,77,76,76,77,76,75,74,75,0,2018,3,31,32
77,77,West Brom,Burnley,1,2,2018-03-31 17:00:00,Lee Probert,0,8,5,5,Premier League Round 32 2017/2018,-1,80,76,75,76,74,75,75,75,-1,2018,3,31,32
78,78,West Ham,Southampton,3,0,2018-03-31 17:00:00,Jonathan Moss,3,8,4,4,Premier League Round 32 2017/2018,3,80,78,79,79,78,77,78,78,1,2018,3,31,32
79,79,Everton,Man City,1,3,2018-03-31 19:30:00,Paul Tierney,9,12,4,4,Premier League Round 32 2017/2018,-2,79,79,82,80,84,81,85,83,-1,2018,3,31,32
80,80,Man United,Liverpool,2,1,2018-03-10 14:30:00,Craig Pawson,10,13,7,1,Premier League Round 30 2017/2018,1,86,81,83,83,83,80,82,82,1,2018,3,10,30
81,81,Everton,Brighton,2,0,2018-03-10 17:00:00,Roger East,6,13,4,2,Premier League Round 30 2017/2018,2,79,79,82,80,74,73,74,74,1,2018,3,10,30
82,82,Huddersfield,Swansea,0,0,2018-03-10 17:00:00,Michael Oliver,9,10,1,4,Premier League Round 30 2017/2018,0,73,72,73,73,75,75,77,76,0,2018,3,10,30
83,83,Newcastle,Southampton,3,0,2018-03-10 17:00:00,Andre Marriner,6,8,4,4,Premier League Round 30 2017/2018,3,74,75,75,75,78,77,78,78,1,2018,3,10,30
84,84,West Brom,Leicester,1,4,2018-03-10 17:00:00,Robert Madley,0,6,4,1,Premier League Round 30 2017/2018,-3,80,76,75,76,79,76,79,78,-1,2018,3,10,30
85,85,West Ham,Burnley,0,3,2018-03-10 17:00:00,Lee Mason,4,6,6,5,Premier League Round 30 2017/2018,-3,80,78,79,79,74,75,75,75,-1,2018,3,10,30
86,86,Chelsea,Crystal Palace,2,1,2018-03-10 19:30:00,Anthony Taylor,7,2,4,4,Premier League Round 30 2017/2018,1,85,82,85,84,81,75,76,76,1,2018,3,10,30
87,87,Arsenal,Watford,3,0,2018-03-11 15:30:00,Martin Atkinson,3,10,4,7,Premier League Round 30 2017/2018,3,86,80,82,83,77,76,76,77,1,2018,3,11,30
88,88,Bournemouth,Tottenham,1,4,2018-03-11 18:00:00,Mike Dean,8,10,4,4,Premier League Round 30 2017/2018,-3,76,75,74,75,86,81,82,82,-1,2018,3,11,30
89,89,Stoke,Man City,0,2,2018-03-12 22:00:00,Jonathan Moss,4,9,5,5,Premier League Round 30 2017/2018,-2,78,77,77,77,84,81,85,83,-1,2018,3,12,30
90,90,Burnley,Everton,2,1,2018-03-03 14:30:00,Chris Kavanagh,3,7,6,4,Premier League Round 29 2017/2018,1,74,75,75,75,79,79,82,80,1,2018,3,3,29
91,91,Leicester,Bournemouth,1,1,2018-03-03 17:00:00,Lee Probert,5,8,4,5,Premier League Round 29 2017/2018,0,79,76,79,78,76,75,74,75,0,2018,3,3,29
92,92,Southampton,Stoke,0,0,2018-03-03 17:00:00,Anthony Taylor,8,6,4,4,Premier League Round 29 2017/2018,0,78,77,78,78,78,77,77,77,0,2018,3,3,29
93,93,Swansea,West Ham,4,1,2018-03-03 17:00:00,Martin Atkinson,10,4,4,2,Premier League Round 29 2017/2018,3,75,75,77,76,80,78,79,79,1,2018,3,3,29
94,94,Tottenham,Huddersfield,2,0,2018-03-03 17:00:00,Kevin Friend,11,9,4,4,Premier League Round 29 2017/2018,2,86,81,82,82,73,72,73,73,1,2018,3,3,29
95,95,Watford,West Brom,1,0,2018-03-03 17:00:00,Paul Tierney,7,0,8,5,Premier League Round 29 2017/2018,1,77,76,76,77,80,76,75,76,1,2018,3,3,29
96,96,Liverpool,Newcastle,2,0,2018-03-03 19:30:00,Graham Scott,13,6,2,3,Premier League Round 29 2017/2018,2,83,80,82,82,74,75,75,75,1,2018,3,3,29
97,97,Brighton,Arsenal,2,1,2018-03-04 15:30:00,Stuart Attwell,11,3,2,3,Premier League Round 29 2017/2018,1,74,73,74,74,86,80,82,83,1,2018,3,4,29
98,98,Man City,Chelsea,1,0,2018-03-04 18:00:00,Michael Oliver,12,7,4,4,Premier League Round 29 2017/2018,1,84,81,85,83,85,82,85,84,1,2018,3,4,29
99,99,Crystal Palace,Man United,2,3,2018-03-05 22:00:00,Neil Swarbrick,2,10,10,7,Premier League Round 29 2017/2018,-1,81,75,76,76,86,81,83,83,-1,2018,3,5,29
100,100,Leicester,Stoke,1,1,2018-02-24 14:30:00,Michael Oliver,7,5,5,4,Premier League Round 28 2017/2018,0,79,76,79,78,78,77,77,77,0,2018,2,24,28
101,101,Bournemouth,Newcastle,2,2,2018-02-24 17:00:00,Roger East,7,5,4,4,Premier League Round 28 2017/2018,0,76,75,74,75,74,75,75,75,0,2018,2,24,28
102,102,Brighton,Swansea,4,1,2018-02-24 17:00:00,Mike Dean,11,11,2,5,Premier League Round 28 2017/2018,3,74,73,74,74,75,75,77,76,1,2018,2,24,28
103,103,Burnley,Southampton,1,1,2018-02-24 17:00:00,Robert Madley,2,10,7,4,Premier League Round 28 2017/2018,0,74,75,75,75,78,77,78,78,0,2018,2,24,28
104,104,Liverpool,West Ham,4,1,2018-02-24 17:00:00,Stuart Attwell,10,5,3,4,Premier League Round 28 2017/2018,3,83,80,82,82,80,78,79,79,1,2018,2,24,28
105,105,West Brom,Huddersfield,1,2,2018-02-24 17:00:00,Jon Moss,3,6,4,5,Premier League Round 28 2017/2018,-1,80,76,75,76,73,72,73,73,-1,2018,2,24,28
106,106,Watford,Everton,1,0,2018-02-24 19:30:00,Anthony Taylor,4,7,9,5,Premier League Round 28 2017/2018,1,77,76,76,77,79,79,82,80,1,2018,2,24,28
107,107,Crystal Palace,Tottenham,0,1,2018-02-25 14:00:00,Kevin Friend,5,9,5,5,Premier League Round 28 2017/2018,-1,81,75,76,76,86,81,82,82,-1,2018,2,25,28
108,108,Man United,Chelsea,2,1,2018-02-25 16:05:00,Martin Atkinson,7,7,5,4,Premier League Round 28 2017/2018,1,86,81,83,83,85,82,85,84,1,2018,2,25,28
109,109,Arsenal,Man City,0,3,2018-03-01 21:45:00,Andre Marriner,6,10,7,4,Premier League Round 28 2017/2018,-3,86,80,82,83,84,81,85,83,-1,2018,3,1,28
110,110,Tottenham,Arsenal,1,0,2018-02-10 14:30:00,Anthony Taylor,9,9,5,4,Premier League Round 27 2017/2018,1,86,81,82,82,86,80,82,83,1,2018,2,10,27
111,111,Everton,Crystal Palace,3,1,2018-02-10 17:00:00,Jon Moss,4,5,3,10,Premier League Round 27 2017/2018,2,79,79,82,80,81,75,76,76,1,2018,2,10,27
112,112,Stoke,Brighton,1,1,2018-02-10 17:00:00,Robert Madley,4,7,4,4,Premier League Round 27 2017/2018,0,78,77,77,77,74,73,74,74,0,2018,2,10,27
113,113,Swansea,Burnley,1,0,2018-02-10 17:00:00,Andre Marriner,11,2,4,4,Premier League Round 27 2017/2018,1,75,75,77,76,74,75,75,75,1,2018,2,10,27
114,114,West Ham,Watford,2,0,2018-02-10 17:00:00,Graham Scott,5,5,5,11,Premier League Round 27 2017/2018,2,80,78,79,79,77,76,76,77,1,2018,2,10,27
115,115,Man City,Leicester,5,1,2018-02-10 19:30:00,Mike Jones,13,10,4,4,Premier League Round 27 2017/2018,4,84,81,85,83,79,76,79,78,1,2018,2,10,27
116,116,Huddersfield,Bournemouth,4,1,2018-02-11 14:00:00,Michael Oliver,4,10,4,4,Premier League Round 27 2017/2018,3,73,72,73,73,76,75,74,75,1,2018,2,11,27
117,117,Newcastle,Man United,1,0,2018-02-11 16:15:00,Craig Pawson,3,12,3,6,Premier League Round 27 2017/2018,1,74,75,75,75,86,81,83,83,1,2018,2,11,27
118,118,Southampton,Liverpool,0,2,2018-02-11 18:30:00,Martin Atkinson,9,7,4,4,Premier League Round 27 2017/2018,-2,78,77,78,78,83,80,82,82,-1,2018,2,11,27
119,119,Chelsea,West Brom,3,0,2018-02-12 22:00:00,Lee Mason,6,7,4,4,Premier League Round 27 2017/2018,3,85,82,85,84,80,76,75,76,1,2018,2,12,27
120,120,Burnley,Man City,1,1,2018-02-03 14:30:00,Martin Atkinson,1,12,6,5,Premier League Round 26 2017/2018,0,74,75,75,75,84,81,85,83,0,2018,2,3,26
121,121,Bournemouth,Stoke,2,1,2018-02-03 17:00:00,Paul Tierney,8,4,4,4,Premier League Round 26 2017/2018,1,76,75,74,75,78,77,77,77,1,2018,2,3,26
122,122,Brighton,West Ham,3,1,2018-02-03 17:00:00,Roger East,7,8,3,6,Premier League Round 26 2017/2018,2,74,73,74,74,80,78,79,79,1,2018,2,3,26
123,123,Leicester,Swansea,1,1,2018-02-03 17:00:00,Anthony Taylor,10,11,1,2,Premier League Round 26 2017/2018,0,79,76,79,78,75,75,77,76,0,2018,2,3,26
124,124,Man United,Huddersfield,2,0,2018-02-03 17:00:00,Stuart Attwell,12,4,4,5,Premier League Round 26 2017/2018,2,86,81,83,83,73,72,73,73,1,2018,2,3,26
125,125,West Brom,Southampton,2,3,2018-02-03 17:00:00,Michael Oliver,10,9,4,4,Premier League Round 26 2017/2018,-1,80,76,75,76,78,77,78,78,-1,2018,2,3,26
126,126,Arsenal,Everton,5,1,2018-02-03 19:30:00,Neil Swarbrick,7,4,2,4,Premier League Round 26 2017/2018,4,86,80,82,83,79,79,82,80,1,2018,2,3,26
127,127,Crystal Palace,Newcastle,1,1,2018-02-04 16:15:00,Andre Marriner,7,5,7,2,Premier League Round 26 2017/2018,0,81,75,76,76,74,75,75,75,0,2018,2,4,26
128,128,Liverpool,Tottenham,2,2,2018-02-04 18:30:00,Jonathan Moss,9,11,4,4,Premier League Round 26 2017/2018,0,83,80,82,82,86,81,82,82,0,2018,2,4,26
129,129,Watford,Chelsea,4,1,2018-02-05 22:00:00,Mike Dean,5,9,4,5,Premier League Round 26 2017/2018,3,77,76,76,77,85,82,85,84,1,2018,2,5,26
130,130,Southampton,Tottenham,1,1,2018-01-21 18:00:00,Kevin Friend,5,13,4,4,Premier League Round 24 2017/2018,0,78,77,78,78,86,81,82,82,0,2018,1,21,24
131,131,Swansea,Liverpool,1,0,2018-01-22 22:00:00,Neil Swarbrick,8,15,4,5,Premier League Round 24 2017/2018,1,75,75,77,76,83,80,82,82,1,2018,1,22,24
132,132,Swansea,Arsenal,3,1,2018-01-30 21:45:00,Lee Mason,9,7,1,2,Premier League Round 25 2017/2018,2,75,75,77,76,86,80,82,83,1,2018,1,30,25
133,133,West Ham,Crystal Palace,1,1,2018-01-30 21:45:00,Neil Swarbrick,8,7,8,5,Premier League Round 25 2017/2018,0,80,78,79,79,81,75,76,76,0,2018,1,30,25
134,134,Huddersfield,Liverpool,0,3,2018-01-30 22:00:00,Kevin Friend,4,9,5,4,Premier League Round 25 2017/2018,-3,73,72,73,73,83,80,82,82,-1,2018,1,30,25
135,135,Chelsea,Bournemouth,0,3,2018-01-31 21:45:00,Lee Probert,10,6,4,4,Premier League Round 25 2017/2018,-3,85,82,85,84,76,75,74,75,-1,2018,1,31,25
136,136,Everton,Leicester,2,1,2018-01-31 21:45:00,Chris Kavanagh,1,11,4,1,Premier League Round 25 2017/2018,1,79,79,82,80,79,76,79,78,1,2018,1,31,25
137,137,Newcastle,Burnley,1,1,2018-01-31 21:45:00,Simon Hooper,7,1,4,4,Premier League Round 25 2017/2018,0,74,75,75,75,74,75,75,75,0,2018,1,31,25
138,138,Southampton,Brighton,1,1,2018-01-31 21:45:00,Mike Dean,8,7,4,5,Premier League Round 25 2017/2018,0,78,77,78,78,74,73,74,74,0,2018,1,31,25
139,139,Man City,West Brom,3,0,2018-01-31 22:00:00,Robert Madley,12,10,5,4,Premier League Round 25 2017/2018,3,84,81,85,83,80,76,75,76,1,2018,1,31,25
140,140,Stoke,Watford,0,0,2018-01-31 22:00:00,Jonathan Moss,3,4,5,4,Premier League Round 25 2017/2018,0,78,77,77,77,77,76,76,77,0,2018,1,31,25
141,141,Tottenham,Man United,2,0,2018-01-31 22:00:00,Andre Marriner,9,15,4,4,Premier League Round 25 2017/2018,2,86,81,82,82,86,81,83,83,1,2018,1,31,25
142,142,Bournemouth,Arsenal,2,1,2018-01-14 15:30:00,Kevin Friend,6,6,4,5,Premier League Round 23 2017/2018,1,76,75,74,75,86,80,82,83,1,2018,1,14,23
143,143,Liverpool,Man City,4,3,2018-01-14 18:00:00,Andre Marriner,13,13,4,5,Premier League Round 23 2017/2018,1,83,80,82,82,84,81,85,83,1,2018,1,14,23
144,144,Man United,Stoke,3,0,2018-01-15 22:00:00,Anthony Taylor,9,4,4,3,Premier League Round 23 2017/2018,3,86,81,83,83,78,77,77,77,1,2018,1,15,23
145,145,Brighton,Chelsea,0,4,2018-01-20 14:30:00,Jonathan Moss,5,7,4,4,Premier League Round 24 2017/2018,-4,74,73,74,74,85,82,85,84,-1,2018,1,20,24
146,146,Arsenal,Crystal Palace,4,1,2018-01-20 17:00:00,Chris Kavanagh,3,7,1,5,Premier League Round 24 2017/2018,3,86,80,82,83,81,75,76,76,1,2018,1,20,24
147,147,Burnley,Man United,0,1,2018-01-20 17:00:00,Mike Dean,2,11,4,4,Premier League Round 24 2017/2018,-1,74,75,75,75,86,81,83,83,-1,2018,1,20,24
148,148,Everton,West Brom,1,1,2018-01-20 17:00:00,Stuart Attwell,1,8,1,2,Premier League Round 24 2017/2018,0,79,79,82,80,80,76,75,76,0,2018,1,20,24
149,149,Leicester,Watford,2,0,2018-01-20 17:00:00,Lee Probert,8,7,5,4,Premier League Round 24 2017/2018,2,79,76,79,78,77,76,76,77,1,2018,1,20,24
150,150,Stoke,Huddersfield,2,0,2018-01-20 17:00:00,Michael Oliver,1,5,4,4,Premier League Round 24 2017/2018,2,78,77,77,77,73,72,73,73,1,2018,1,20,24
151,151,West Ham,Bournemouth,1,1,2018-01-20 17:00:00,Martin Atkinson,11,8,4,5,Premier League Round 24 2017/2018,0,80,78,79,79,76,75,74,75,0,2018,1,20,24
152,152,Man City,Newcastle,3,1,2018-01-20 19:30:00,Paul Tierney,10,8,5,4,Premier League Round 24 2017/2018,2,84,81,85,83,74,75,75,75,1,2018,1,20,24
153,153,Southampton,Crystal Palace,1,2,2018-01-02 21:45:00,Stuart Attwell,2,8,4,5,Premier League Round 22 2017/2018,-1,78,77,78,78,81,75,76,76,-1,2018,1,2,22
154,154,Swansea,Tottenham,0,2,2018-01-02 21:45:00,Robert Madley,4,12,4,4,Premier League Round 22 2017/2018,-2,75,75,77,76,86,81,82,82,-1,2018,1,2,22
155,155,West Ham,West Brom,2,1,2018-01-02 21:45:00,Mike Jones,5,3,4,4,Premier League Round 22 2017/2018,1,80,78,79,79,80,76,75,76,1,2018,1,2,22
156,156,Man City,Watford,3,1,2018-01-02 22:00:00,Lee Mason,13,3,4,4,Premier League Round 22 2017/2018,2,84,81,85,83,77,76,76,77,1,2018,1,2,22
157,157,Arsenal,Chelsea,2,2,2018-01-03 21:45:00,Anthony Taylor,11,13,5,4,Premier League Round 22 2017/2018,0,86,80,82,83,85,82,85,84,0,2018,1,3,22
158,158,Tottenham,West Ham,1,1,2018-01-04 22:00:00,Mike Dean,12,7,4,5,Premier League Round 21 2017/2018,0,86,81,82,82,80,78,79,79,0,2018,1,4,21
159,159,Chelsea,Leicester,0,0,2018-01-13 17:00:00,Mike Jones,9,5,4,4,Premier League Round 23 2017/2018,0,85,82,85,84,79,76,79,78,0,2018,1,13,23
160,160,Crystal Palace,Burnley,1,0,2018-01-13 17:00:00,Michael Oliver,5,2,7,5,Premier League Round 23 2017/2018,1,81,75,76,76,74,75,75,75,1,2018,1,13,23
161,161,Huddersfield,West Ham,1,4,2018-01-13 17:00:00,Jon Moss,6,6,5,5,Premier League Round 23 2017/2018,-3,73,72,73,73,80,78,79,79,-1,2018,1,13,23
162,162,Newcastle,Swansea,1,1,2018-01-13 17:00:00,Graham Scott,10,5,4,5,Premier League Round 23 2017/2018,0,74,75,75,75,75,75,77,76,0,2018,1,13,23
163,163,Watford,Southampton,2,2,2018-01-13 17:00:00,Roger East,6,5,4,4,Premier League Round 23 2017/2018,0,77,76,76,77,78,77,78,78,0,2018,1,13,23
164,164,West Brom,Brighton,2,0,2018-01-13 17:00:00,Martin Atkinson,5,8,2,1,Premier League Round 23 2017/2018,2,80,76,75,76,74,73,74,74,1,2018,1,13,23
165,165,Tottenham,Everton,4,0,2018-01-13 19:30:00,Craig Pawson,13,2,4,4,Premier League Round 23 2017/2018,4,86,81,82,82,79,79,82,80,1,2018,1,13,23
166,166,Bournemouth,Everton,2,1,2017-12-30 17:00:00,Lee Probert,1,9,4,4,Premier League Round 21 2017/2018,1,76,75,74,75,79,79,82,80,1,2017,12,30,21
167,167,Chelsea,Stoke,5,0,2017-12-30 17:00:00,Kevin Friend,13,4,4,5,Premier League Round 21 2017/2018,5,85,82,85,84,78,77,77,77,1,2017,12,30,21
168,168,Huddersfield,Burnley,0,0,2017-12-30 17:00:00,Paul Tierney,8,8,4,5,Premier League Round 21 2017/2018,0,73,72,73,73,74,75,75,75,0,2017,12,30,21
169,169,Liverpool,Leicester,2,1,2017-12-30 17:00:00,Neil Swarbrick,9,4,2,0,Premier League Round 21 2017/2018,1,83,80,82,82,79,76,79,78,1,2017,12,30,21
170,170,Newcastle,Brighton,0,0,2017-12-30 17:00:00,Anthony Taylor,3,4,4,1,Premier League Round 21 2017/2018,0,74,75,75,75,74,73,74,74,0,2017,12,30,21
171,171,Watford,Swansea,1,2,2017-12-30 17:00:00,Martin Atkinson,3,4,4,4,Premier League Round 21 2017/2018,-1,77,76,76,77,75,75,77,76,-1,2017,12,30,21
172,172,Man United,Southampton,0,0,2017-12-30 19:30:00,Craig Pawson,8,2,5,4,Premier League Round 21 2017/2018,0,86,81,83,83,78,77,78,78,0,2017,12,30,21
173,173,Crystal Palace,Man City,0,0,2017-12-31 14:00:00,Jonathan Moss,8,15,4,4,Premier League Round 21 2017/2018,0,81,75,76,76,84,81,85,83,0,2017,12,31,21
174,174,West Brom,Arsenal,1,1,2017-12-31 18:30:00,Mike Dean,2,11,2,1,Premier League Round 21 2017/2018,0,80,76,75,76,86,80,82,83,0,2017,12,31,21
175,175,Brighton,Bournemouth,2,2,2018-01-01 14:30:00,Michael Oliver,5,4,5,4,Premier League Round 22 2017/2018,0,74,73,74,74,76,75,74,75,0,2018,1,1,22
176,176,Burnley,Liverpool,1,2,2018-01-01 17:00:00,Roger East,6,11,5,4,Premier League Round 22 2017/2018,-1,74,75,75,75,83,80,82,82,-1,2018,1,1,22
177,177,Leicester,Huddersfield,3,0,2018-01-01 17:00:00,Graham Scott,1,6,3,3,Premier League Round 22 2017/2018,3,79,76,79,78,73,72,73,73,1,2018,1,1,22
178,178,Stoke,Newcastle,0,1,2018-01-01 17:00:00,Chris Kavanagh,4,4,5,4,Premier League Round 22 2017/2018,-1,78,77,77,77,74,75,75,75,-1,2018,1,1,22
179,179,Everton,Man United,0,2,2018-01-01 19:30:00,Andre Marriner,8,6,5,7,Premier League Round 22 2017/2018,-2,79,79,82,80,86,81,83,83,-1,2018,1,1,22
180,180,Tottenham,Southampton,5,2,2017-12-26 14:30:00,Graham Scott,12,3,4,4,Premier League Round 20 2017/2018,3,86,81,82,82,78,77,78,78,1,2017,12,26,20
181,181,Bournemouth,West Ham,3,3,2017-12-26 17:00:00,Robert Madley,1,7,5,4,Premier League Round 20 2017/2018,0,76,75,74,75,80,78,79,79,0,2017,12,26,20
182,182,Chelsea,Brighton,2,0,2017-12-26 17:00:00,Mike Dean,10,4,4,4,Premier League Round 20 2017/2018,2,85,82,85,84,74,73,74,74,1,2017,12,26,20
183,183,Huddersfield,Stoke,1,1,2017-12-26 17:00:00,Anthony Taylor,7,6,4,4,Premier League Round 20 2017/2018,0,73,72,73,73,78,77,77,77,0,2017,12,26,20
184,184,Man United,Burnley,2,2,2017-12-26 17:00:00,Martin Atkinson,7,7,5,5,Premier League Round 20 2017/2018,0,86,81,83,83,74,75,75,75,0,2017,12,26,20
185,185,Watford,Leicester,2,1,2017-12-26 17:00:00,Chris Kavanagh,1,7,4,4,Premier League Round 20 2017/2018,1,77,76,76,77,79,76,79,78,1,2017,12,26,20
186,186,West Brom,Everton,0,0,2017-12-26 17:00:00,Roger East,2,11,2,8,Premier League Round 20 2017/2018,0,80,76,75,76,79,79,82,80,0,2017,12,26,20
187,187,Liverpool,Swansea,5,0,2017-12-26 19:30:00,Kevin Friend,9,4,4,4,Premier League Round 20 2017/2018,5,83,80,82,82,75,75,77,76,1,2017,12,26,20
188,188,Newcastle,Man City,0,1,2017-12-27 21:45:00,Andre Marriner,3,15,4,4,Premier League Round 20 2017/2018,-1,74,75,75,75,84,81,85,83,-1,2017,12,27,20
189,189,Crystal Palace,Arsenal,2,3,2017-12-28 22:00:00,Michael Oliver,9,9,4,4,Premier League Round 20 2017/2018,-1,81,75,76,76,86,80,82,83,-1,2017,12,28,20
190,190,Arsenal,Liverpool,3,3,2017-12-22 21:45:00,Martin Atkinson,11,11,3,6,Premier League Round 19 2017/2018,0,86,80,82,83,83,80,82,82,0,2017,12,22,19
191,191,Everton,Chelsea,0,0,2017-12-23 14:30:00,Robert Madley,13,10,4,4,Premier League Round 19 2017/2018,0,79,79,82,80,85,82,85,84,0,2017,12,23,19
192,192,Brighton,Watford,1,0,2017-12-23 17:00:00,Paul Tierney,2,1,4,4,Premier League Round 19 2017/2018,1,74,73,74,74,77,76,76,77,1,2017,12,23,19
193,193,Man City,Bournemouth,4,0,2017-12-23 17:00:00,Mike Jones,12,2,4,4,Premier League Round 19 2017/2018,4,84,81,85,83,76,75,74,75,1,2017,12,23,19
194,194,Southampton,Huddersfield,1,1,2017-12-23 17:00:00,Lee Probert,2,6,4,4,Premier League Round 19 2017/2018,0,78,77,78,78,73,72,73,73,0,2017,12,23,19
195,195,Stoke,West Brom,3,1,2017-12-23 17:00:00,Neil Swarbrick,3,3,5,4,Premier League Round 19 2017/2018,2,78,77,77,77,80,76,75,76,1,2017,12,23,19
196,196,Swansea,Crystal Palace,1,1,2017-12-23 17:00:00,Craig Pawson,3,9,4,5,Premier League Round 19 2017/2018,0,75,75,77,76,81,75,76,76,0,2017,12,23,19
197,197,West Ham,Newcastle,2,3,2017-12-23 17:00:00,Lee Mason,7,1,4,4,Premier League Round 19 2017/2018,-1,80,78,79,79,74,75,75,75,-1,2017,12,23,19
198,198,Burnley,Tottenham,0,3,2017-12-23 19:30:00,Michael Oliver,10,10,4,4,Premier League Round 19 2017/2018,-3,74,75,75,75,86,81,82,82,-1,2017,12,23,19
199,199,Leicester,Man United,2,2,2017-12-23 21:45:00,Jon Moss,9,9,2,5,Premier League Round 19 2017/2018,0,79,76,79,78,86,81,83,83,0,2017,12,23,19
200,200,Leicester,Crystal Palace,0,3,2017-12-16 14:30:00,Martin Atkinson,13,9,2,5,Premier League Round 18 2017/2018,-3,79,76,79,78,81,75,76,76,-1,2017,12,16,18
201,201,Arsenal,Newcastle,1,0,2017-12-16 17:00:00,Stuart Attwell,8,1,1,2,Premier League Round 18 2017/2018,1,86,80,82,83,74,75,75,75,1,2017,12,16,18
202,202,Brighton,Burnley,0,0,2017-12-16 17:00:00,Chris Kavanagh,1,9,4,5,Premier League Round 18 2017/2018,0,74,73,74,74,74,75,75,75,0,2017,12,16,18
203,203,Chelsea,Southampton,1,0,2017-12-16 17:00:00,Roger East,10,5,4,4,Premier League Round 18 2017/2018,1,85,82,85,84,78,77,78,78,1,2017,12,16,18
204,204,Watford,Huddersfield,1,4,2017-12-16 17:00:00,Michael Oliver,4,3,4,4,Premier League Round 18 2017/2018,-3,77,76,76,77,73,72,73,73,-1,2017,12,16,18
205,205,Stoke,West Ham,0,3,2017-12-16 18:00:00,Graham Scott,3,5,4,4,Premier League Round 18 2017/2018,-3,78,77,77,77,80,78,79,79,-1,2017,12,16,18
206,206,Man City,Tottenham,4,1,2017-12-16 19:30:00,Craig Pawson,12,10,4,4,Premier League Round 18 2017/2018,3,84,81,85,83,86,81,82,82,1,2017,12,16,18
207,207,West Brom,Man United,1,2,2017-12-17 16:15:00,Anthony Taylor,4,12,4,3,Premier League Round 18 2017/2018,-1,80,76,75,76,86,81,83,83,-1,2017,12,17,18
208,208,Bournemouth,Liverpool,0,4,2017-12-17 18:30:00,Andre Marriner,3,11,4,4,Premier League Round 18 2017/2018,-4,76,75,74,75,83,80,82,82,-1,2017,12,17,18
209,209,Everton,Swansea,3,1,2017-12-18 22:00:00,Jon Moss,13,4,6,2,Premier League Round 18 2017/2018,2,79,79,82,80,75,75,77,76,1,2017,12,18,18
210,210,Burnley,Stoke,1,0,2017-12-12 21:45:00,Mike Jones,9,4,4,5,Premier League Round 17 2017/2018,1,74,75,75,75,78,77,77,77,1,2017,12,12,17
211,211,Crystal Palace,Watford,2,1,2017-12-12 22:00:00,Lee Mason,7,7,4,4,Premier League Round 17 2017/2018,1,81,75,76,76,77,76,76,77,1,2017,12,12,17
212,212,Huddersfield,Chelsea,1,3,2017-12-12 22:00:00,Andre Marriner,3,8,4,4,Premier League Round 17 2017/2018,-2,73,72,73,73,85,82,85,84,-1,2017,12,12,17
213,213,Newcastle,Everton,0,1,2017-12-13 21:45:00,Martin Atkinson,1,10,0,3,Premier League Round 17 2017/2018,-1,74,75,75,75,79,79,82,80,-1,2017,12,13,17
214,214,Southampton,Leicester,1,4,2017-12-13 21:45:00,Chris Kavanagh,5,10,4,4,Premier League Round 17 2017/2018,-3,78,77,78,78,79,76,79,78,-1,2017,12,13,17
215,215,Swansea,Man City,0,4,2017-12-13 21:45:00,Anthony Taylor,4,12,4,4,Premier League Round 17 2017/2018,-4,75,75,77,76,84,81,85,83,-1,2017,12,13,17
216,216,Liverpool,West Brom,0,0,2017-12-13 22:00:00,Paul Tierney,11,3,5,1,Premier League Round 17 2017/2018,0,83,80,82,82,80,76,75,76,0,2017,12,13,17
217,217,Man United,Bournemouth,1,0,2017-12-13 22:00:00,Graham Scott,12,6,4,4,Premier League Round 17 2017/2018,1,86,81,83,83,76,75,74,75,1,2017,12,13,17
218,218,Tottenham,Brighton,2,0,2017-12-13 22:00:00,Robert Madley,8,2,4,4,Premier League Round 17 2017/2018,2,86,81,82,82,74,73,74,74,1,2017,12,13,17
219,219,West Ham,Arsenal,0,0,2017-12-13 22:00:00,Jon Moss,4,10,2,1,Premier League Round 17 2017/2018,0,80,78,79,79,86,80,82,83,0,2017,12,13,17
220,220,West Ham,Chelsea,1,0,2017-12-09 14:30:00,Anthony Taylor,1,11,5,4,Premier League Round 16 2017/2018,1,80,78,79,79,85,82,85,84,1,2017,12,9,16
221,221,Burnley,Watford,1,0,2017-12-09 17:00:00,Lee Probert,9,7,5,5,Premier League Round 16 2017/2018,1,74,75,75,75,77,76,76,77,1,2017,12,9,16
222,222,Crystal Palace,Bournemouth,2,2,2017-12-09 17:00:00,Kevin Friend,6,8,4,4,Premier League Round 16 2017/2018,0,81,75,76,76,76,75,74,75,0,2017,12,9,16
223,223,Huddersfield,Brighton,2,0,2017-12-09 17:00:00,Stuart Attwell,3,5,3,1,Premier League Round 16 2017/2018,2,73,72,73,73,74,73,74,74,1,2017,12,9,16
224,224,Swansea,West Brom,1,0,2017-12-09 17:00:00,Mike Dean,1,3,1,5,Premier League Round 16 2017/2018,1,75,75,77,76,80,76,75,76,1,2017,12,9,16
225,225,Tottenham,Stoke,5,1,2017-12-09 17:00:00,Roger East,8,5,4,4,Premier League Round 16 2017/2018,4,86,81,82,82,78,77,77,77,1,2017,12,9,16
226,226,Newcastle,Leicester,2,3,2017-12-09 19:30:00,Neil Swarbrick,1,8,1,1,Premier League Round 16 2017/2018,-1,74,75,75,75,79,76,79,78,-1,2017,12,9,16
227,227,Southampton,Arsenal,1,1,2017-12-10 14:00:00,Robert Madley,4,9,4,4,Premier League Round 16 2017/2018,0,78,77,78,78,86,80,82,83,0,2017,12,10,16
228,228,Liverpool,Everton,1,1,2017-12-10 16:15:00,Craig Pawson,11,9,7,6,Premier League Round 16 2017/2018,0,83,80,82,82,79,79,82,80,0,2017,12,10,16
229,229,Man United,Man City,1,2,2017-12-10 18:30:00,Michael Oliver,12,12,4,4,Premier League Round 16 2017/2018,-1,86,81,83,83,84,81,85,83,-1,2017,12,10,16
230,230,Chelsea,Newcastle,3,1,2017-12-02 14:30:00,Kevin Friend,13,1,4,4,Premier League Round 15 2017/2018,2,85,82,85,84,74,75,75,75,1,2017,12,2,15
231,231,Brighton,Liverpool,1,5,2017-12-02 17:00:00,Graham Scott,6,11,1,4,Premier League Round 15 2017/2018,-4,74,73,74,74,83,80,82,82,-1,2017,12,2,15
232,232,Everton,Huddersfield,2,0,2017-12-02 17:00:00,Chris Kavanagh,7,3,6,4,Premier League Round 15 2017/2018,2,79,79,82,80,73,72,73,73,1,2017,12,2,15
233,233,Leicester,Burnley,1,0,2017-12-02 17:00:00,Paul Tierney,8,12,6,4,Premier League Round 15 2017/2018,1,79,76,79,78,74,75,75,75,1,2017,12,2,15
234,234,Stoke,Swansea,2,1,2017-12-02 17:00:00,Craig Pawson,5,1,4,4,Premier League Round 15 2017/2018,1,78,77,77,77,75,75,77,76,1,2017,12,2,15
235,235,Watford,Tottenham,1,1,2017-12-02 17:00:00,Martin Atkinson,6,7,4,4,Premier League Round 15 2017/2018,0,77,76,76,77,86,81,82,82,0,2017,12,2,15
236,236,West Brom,Crystal Palace,0,0,2017-12-02 17:00:00,Michael Oliver,2,6,5,7,Premier League Round 15 2017/2018,0,80,76,75,76,81,75,76,76,0,2017,12,2,15
237,237,Arsenal,Man United,1,3,2017-12-02 19:30:00,Andre Marriner,9,9,1,4,Premier League Round 15 2017/2018,-2,86,80,82,83,86,81,83,83,-1,2017,12,2,15
238,238,Bournemouth,Southampton,1,1,2017-12-03 15:30:00,Jonathan Moss,7,4,4,4,Premier League Round 15 2017/2018,0,76,75,74,75,78,77,78,78,0,2017,12,3,15
239,239,Man City,West Ham,2,1,2017-12-03 18:00:00,Mike Dean,15,2,4,4,Premier League Round 15 2017/2018,1,84,81,85,83,80,78,79,79,1,2017,12,3,15
240,240,Brighton,Crystal Palace,0,0,2017-11-28 21:45:00,Andre Marriner,8,5,1,2,Premier League Round 14 2017/2018,0,74,73,74,74,81,75,76,76,0,2017,11,28,14
241,241,Leicester,Tottenham,2,1,2017-11-28 21:45:00,Anthony Taylor,8,10,4,4,Premier League Round 14 2017/2018,1,79,76,79,78,86,81,82,82,1,2017,11,28,14
242,242,Watford,Man United,2,4,2017-11-28 22:00:00,Jonathan Moss,6,9,4,4,Premier League Round 14 2017/2018,-2,77,76,76,77,86,81,83,83,-1,2017,11,28,14
243,243,West Brom,Newcastle,2,2,2017-11-28 22:00:00,Lee Probert,1,3,4,4,Premier League Round 14 2017/2018,0,80,76,75,76,74,75,75,75,0,2017,11,28,14
244,244,Bournemouth,Burnley,1,2,2017-11-29 21:45:00,Roger East,10,9,4,4,Premier League Round 14 2017/2018,-1,76,75,74,75,74,75,75,75,-1,2017,11,29,14
245,245,Arsenal,Huddersfield,5,0,2017-11-29 21:45:00,Graham Scott,7,6,1,2,Premier League Round 14 2017/2018,5,86,80,82,83,73,72,73,73,1,2017,11,29,14
246,246,Chelsea,Swansea,1,0,2017-11-29 21:45:00,Neil Swarbrick,10,1,4,4,Premier League Round 14 2017/2018,1,85,82,85,84,75,75,77,76,1,2017,11,29,14
247,247,Everton,West Ham,4,0,2017-11-29 22:00:00,Michael Oliver,4,5,4,4,Premier League Round 14 2017/2018,4,79,79,82,80,80,78,79,79,1,2017,11,29,14
248,248,Man City,Southampton,2,1,2017-11-29 22:00:00,Paul Tierney,15,7,5,4,Premier League Round 14 2017/2018,1,84,81,85,83,78,77,78,78,1,2017,11,29,14
249,249,Stoke,Liverpool,0,3,2017-11-29 22:00:00,Martin Atkinson,5,11,5,4,Premier League Round 14 2017/2018,-3,78,77,77,77,83,80,82,82,-1,2017,11,29,14
250,250,West Ham,Leicester,1,1,2017-11-24 22:00:00,Martin Atkinson,4,10,3,1,Premier League Round 13 2017/2018,0,80,78,79,79,79,76,79,78,0,2017,11,24,13
251,251,Crystal Palace,Stoke,2,1,2017-11-25 17:00:00,Mike Dean,2,5,6,5,Premier League Round 13 2017/2018,1,81,75,76,76,78,77,77,77,1,2017,11,25,13
252,252,Man United,Brighton,1,0,2017-11-25 17:00:00,Neil Swarbrick,9,9,3,1,Premier League Round 13 2017/2018,1,86,81,83,83,74,73,74,74,1,2017,11,25,13
253,253,Newcastle,Watford,0,3,2017-11-25 17:00:00,Chris Kavanagh,4,6,4,4,Premier League Round 13 2017/2018,-3,74,75,75,75,77,76,76,77,-1,2017,11,25,13
254,254,Swansea,Bournemouth,0,0,2017-11-25 17:00:00,Stuart Attwell,0,12,5,4,Premier League Round 13 2017/2018,0,75,75,77,76,76,75,74,75,0,2017,11,25,13
255,255,Tottenham,West Brom,1,1,2017-11-25 17:00:00,Mike Jones,9,1,5,4,Premier League Round 13 2017/2018,0,86,81,82,82,80,76,75,76,0,2017,11,25,13
256,256,Liverpool,Chelsea,1,1,2017-11-25 19:30:00,Michael Oliver,13,12,4,4,Premier League Round 13 2017/2018,0,83,80,82,82,85,82,85,84,0,2017,11,25,13
257,257,Southampton,Everton,4,1,2017-11-26 15:30:00,Kevin Friend,5,4,4,4,Premier League Round 13 2017/2018,3,78,77,78,78,79,79,82,80,1,2017,11,26,13
258,258,Burnley,Arsenal,0,1,2017-11-26 16:00:00,Lee Mason,10,7,6,5,Premier League Round 13 2017/2018,-1,74,75,75,75,86,80,82,83,-1,2017,11,26,13
259,259,Huddersfield,Man City,1,2,2017-11-26 18:00:00,Craig Pawson,6,15,4,4,Premier League Round 13 2017/2018,-1,73,72,73,73,84,81,85,83,-1,2017,11,26,13
260,260,Arsenal,Tottenham,2,0,2017-11-18 14:30:00,Mike Dean,10,9,5,4,Premier League Round 12 2017/2018,2,86,80,82,83,86,81,82,82,1,2017,11,18,12
261,261,Bournemouth,Huddersfield,4,0,2017-11-18 17:00:00,Lee Probert,9,6,4,4,Premier League Round 12 2017/2018,4,76,75,74,75,73,72,73,73,1,2017,11,18,12
262,262,Burnley,Swansea,2,0,2017-11-18 17:00:00,Martin Atkinson,10,3,6,4,Premier League Round 12 2017/2018,2,74,75,75,75,75,75,77,76,1,2017,11,18,12
263,263,Crystal Palace,Everton,2,2,2017-11-18 17:00:00,Anthony Taylor,4,3,5,4,Premier League Round 12 2017/2018,0,81,75,76,76,79,79,82,80,0,2017,11,18,12
264,264,Leicester,Man City,0,2,2017-11-18 17:00:00,Graham Scott,11,15,4,4,Premier League Round 12 2017/2018,-2,79,76,79,78,84,81,85,83,-1,2017,11,18,12
265,265,Liverpool,Southampton,3,0,2017-11-18 17:00:00,Mike Jones,12,5,4,4,Premier League Round 12 2017/2018,3,83,80,82,82,78,77,78,78,1,2017,11,18,12
266,266,West Brom,Chelsea,0,4,2017-11-18 17:00:00,Jonathan Moss,2,12,4,4,Premier League Round 12 2017/2018,-4,80,76,75,76,85,82,85,84,-1,2017,11,18,12
267,267,Man United,Newcastle,4,1,2017-11-18 19:30:00,Craig Pawson,9,5,2,4,Premier League Round 12 2017/2018,3,86,81,83,83,74,75,75,75,1,2017,11,18,12
268,268,Watford,West Ham,2,0,2017-11-19 18:00:00,Andre Marriner,4,5,4,5,Premier League Round 12 2017/2018,2,77,76,76,77,80,78,79,79,1,2017,11,19,12
269,269,Brighton,Stoke,2,2,2017-11-20 22:00:00,Lee Mason,8,7,4,6,Premier League Round 12 2017/2018,0,74,73,74,74,78,77,77,77,0,2017,11,20,12
270,270,Stoke,Leicester,2,2,2017-11-04 14:30:00,Robert Madley,6,11,5,4,Premier League Round 11 2017/2018,0,78,77,77,77,79,76,79,78,0,2017,11,4,11
271,271,Huddersfield,West Brom,1,0,2017-11-04 17:00:00,Roger East,4,2,3,2,Premier League Round 11 2017/2018,1,73,72,73,73,80,76,75,76,1,2017,11,4,11
272,272,Newcastle,Bournemouth,0,1,2017-11-04 17:00:00,Paul Tierney,5,7,4,5,Premier League Round 11 2017/2018,-1,74,75,75,75,76,75,74,75,-1,2017,11,4,11
273,273,Southampton,Burnley,0,1,2017-11-04 17:00:00,Lee Probert,5,8,4,5,Premier League Round 11 2017/2018,-1,78,77,78,78,74,75,75,75,-1,2017,11,4,11
274,274,Swansea,Brighton,0,1,2017-11-04 17:00:00,Mike Dean,3,8,1,1,Premier League Round 11 2017/2018,-1,75,75,77,76,74,73,74,74,-1,2017,11,4,11
275,275,West Ham,Liverpool,1,4,2017-11-04 19:30:00,Neil Swarbrick,8,10,2,2,Premier League Round 11 2017/2018,-3,80,78,79,79,83,80,82,82,-1,2017,11,4,11
276,276,Tottenham,Crystal Palace,1,0,2017-11-05 14:00:00,Kevin Friend,7,4,4,6,Premier League Round 11 2017/2018,1,86,81,82,82,81,75,76,76,1,2017,11,5,11
277,277,Man City,Arsenal,3,1,2017-11-05 16:15:00,Michael Oliver,15,13,4,4,Premier League Round 11 2017/2018,2,84,81,85,83,86,80,82,83,1,2017,11,5,11
278,278,Chelsea,Man United,1,0,2017-11-05 18:30:00,Anthony Taylor,10,12,4,4,Premier League Round 11 2017/2018,1,85,82,85,84,86,81,83,83,1,2017,11,5,11
279,279,Everton,Watford,3,2,2017-11-05 18:30:00,Graham Scott,0,7,4,4,Premier League Round 11 2017/2018,1,79,79,82,80,77,76,76,77,1,2017,11,5,11
280,280,Man United,Tottenham,1,0,2017-10-28 14:30:00,Jonathan Moss,10,10,4,5,Premier League Round 10 2017/2018,1,86,81,83,83,86,81,82,82,1,2017,10,28,10
281,281,Arsenal,Swansea,2,1,2017-10-28 17:00:00,Lee Mason,12,3,1,1,Premier League Round 10 2017/2018,1,86,80,82,83,75,75,77,76,1,2017,10,28,10
282,282,Crystal Palace,West Ham,2,2,2017-10-28 17:00:00,Robert Madley,3,7,2,0,Premier League Round 10 2017/2018,0,81,75,76,76,80,78,79,79,0,2017,10,28,10
283,283,Liverpool,Huddersfield,3,0,2017-10-28 17:00:00,Kevin Friend,6,4,2,3,Premier League Round 10 2017/2018,3,83,80,82,82,73,72,73,73,1,2017,10,28,10
284,284,Watford,Stoke,0,1,2017-10-28 17:00:00,Michael Oliver,7,3,5,5,Premier League Round 10 2017/2018,-1,77,76,76,77,78,77,77,77,-1,2017,10,28,10
285,285,West Brom,Man City,2,3,2017-10-28 17:00:00,Mike Jones,2,15,4,5,Premier League Round 10 2017/2018,-1,80,76,75,76,84,81,85,83,-1,2017,10,28,10
286,286,Bournemouth,Chelsea,0,1,2017-10-28 19:30:00,Craig Pawson,7,7,4,4,Premier League Round 10 2017/2018,-1,76,75,74,75,85,82,85,84,-1,2017,10,28,10
287,287,Brighton,Southampton,1,1,2017-10-29 15:30:00,Neil Swarbrick,7,7,5,4,Premier League Round 10 2017/2018,0,74,73,74,74,78,77,78,78,0,2017,10,29,10
288,288,Leicester,Everton,2,0,2017-10-29 18:00:00,Andre Marriner,8,1,4,4,Premier League Round 10 2017/2018,2,79,76,79,78,79,79,82,80,1,2017,10,29,10
289,289,Burnley,Newcastle,1,0,2017-10-30 22:00:00,Mike Dean,5,8,6,4,Premier League Round 10 2017/2018,1,74,75,75,75,74,75,75,75,1,2017,10,30,10
290,290,West Ham,Brighton,0,3,2017-10-20 22:00:00,Martin Atkinson,8,4,5,4,Premier League Round 9 2017/2018,-3,80,78,79,79,74,73,74,74,-1,2017,10,20,9
291,291,Chelsea,Watford,4,2,2017-10-21 14:30:00,Jonathan Moss,7,10,4,4,Premier League Round 9 2017/2018,2,85,82,85,84,77,76,76,77,1,2017,10,21,9
292,292,Huddersfield,Man United,2,1,2017-10-21 17:00:00,Lee Mason,2,13,3,0,Premier League Round 9 2017/2018,1,73,72,73,73,86,81,83,83,1,2017,10,21,9
293,293,Man City,Burnley,3,0,2017-10-21 17:00:00,Roger East,15,6,4,4,Premier League Round 9 2017/2018,3,84,81,85,83,74,75,75,75,1,2017,10,21,9
294,294,Newcastle,Crystal Palace,1,0,2017-10-21 17:00:00,Stuart Attwell,8,6,2,1,Premier League Round 9 2017/2018,1,74,75,75,75,81,75,76,76,1,2017,10,21,9
295,295,Stoke,Bournemouth,1,2,2017-10-21 17:00:00,Lee Probert,3,7,5,4,Premier League Round 9 2017/2018,-1,78,77,77,77,76,75,74,75,-1,2017,10,21,9
296,296,Swansea,Leicester,1,2,2017-10-21 17:00:00,Michael Oliver,7,6,4,5,Premier League Round 9 2017/2018,-1,75,75,77,76,79,76,79,78,-1,2017,10,21,9
297,297,Southampton,West Brom,1,0,2017-10-21 19:30:00,Graham Scott,4,3,4,4,Premier League Round 9 2017/2018,1,78,77,78,78,80,76,75,76,1,2017,10,21,9
298,298,Everton,Arsenal,2,5,2017-10-22 15:30:00,Craig Pawson,5,12,2,1,Premier League Round 9 2017/2018,-3,79,79,82,80,86,80,82,83,-1,2017,10,22,9
299,299,Tottenham,Liverpool,4,1,2017-10-22 18:00:00,Andre Marriner,13,9,4,4,Premier League Round 9 2017/2018,3,86,81,82,82,83,80,82,82,1,2017,10,22,9
300,300,Liverpool,Man United,0,0,2017-10-14 14:30:00,Martin Atkinson,6,15,2,0,Premier League Round 8 2017/2018,0,83,80,82,82,86,81,83,83,0,2017,10,14,8
301,301,Burnley,West Ham,1,1,2017-10-14 17:00:00,Stuart Attwell,8,10,4,4,Premier League Round 8 2017/2018,0,74,75,75,75,80,78,79,79,0,2017,10,14,8
302,302,Crystal Palace,Chelsea,2,1,2017-10-14 17:00:00,Andre Marriner,3,10,4,4,Premier League Round 8 2017/2018,1,81,75,76,76,85,82,85,84,1,2017,10,14,8
303,303,Man City,Stoke,7,2,2017-10-14 17:00:00,Craig Pawson,15,4,4,4,Premier League Round 8 2017/2018,5,84,81,85,83,78,77,77,77,1,2017,10,14,8
304,304,Swansea,Huddersfield,2,0,2017-10-14 17:00:00,Paul Tierney,4,2,1,2,Premier League Round 8 2017/2018,2,75,75,77,76,73,72,73,73,1,2017,10,14,8
305,305,Tottenham,Bournemouth,1,0,2017-10-14 17:00:00,Robert Madley,13,7,4,4,Premier League Round 8 2017/2018,1,86,81,82,82,76,75,74,75,1,2017,10,14,8
306,306,Watford,Arsenal,2,1,2017-10-14 19:30:00,Neil Swarbrick,8,13,4,4,Premier League Round 8 2017/2018,1,77,76,76,77,86,80,82,83,1,2017,10,14,8
307,307,Brighton,Everton,1,1,2017-10-15 15:30:00,Michael Oliver,6,7,1,4,Premier League Round 8 2017/2018,0,74,73,74,74,79,79,82,80,0,2017,10,15,8
308,308,Southampton,Newcastle,2,2,2017-10-15 18:00:00,Kevin Friend,4,10,4,4,Premier League Round 8 2017/2018,0,78,77,78,78,74,75,75,75,0,2017,10,15,8
309,309,Leicester,West Brom,1,1,2017-10-16 22:00:00,Mike Dean,5,2,1,0,Premier League Round 8 2017/2018,0,79,76,79,78,80,76,75,76,0,2017,10,16,8
310,310,Huddersfield,Tottenham,0,4,2017-09-30 14:30:00,Neil Swarbrick,5,13,4,4,Premier League Round 7 2017/2018,-4,73,72,73,73,86,81,82,82,-1,2017,9,30,7
311,311,Bournemouth,Leicester,0,0,2017-09-30 17:00:00,Graham Scott,6,4,4,4,Premier League Round 7 2017/2018,0,76,75,74,75,79,76,79,78,0,2017,9,30,7
312,312,Man United,Crystal Palace,4,0,2017-09-30 17:00:00,Mike Dean,15,3,0,1,Premier League Round 7 2017/2018,4,86,81,83,83,81,75,76,76,1,2017,9,30,7
313,313,Stoke,Southampton,2,1,2017-09-30 17:00:00,Mike Jones,2,4,4,4,Premier League Round 7 2017/2018,1,78,77,77,77,78,77,78,78,1,2017,9,30,7
314,314,West Brom,Watford,2,2,2017-09-30 17:00:00,Michael Oliver,2,7,4,5,Premier League Round 7 2017/2018,0,80,76,75,76,77,76,76,77,0,2017,9,30,7
315,315,West Ham,Swansea,1,0,2017-09-30 17:00:00,Roger East,7,7,0,1,Premier League Round 7 2017/2018,1,80,78,79,79,75,75,77,76,1,2017,9,30,7
316,316,Chelsea,Man City,0,1,2017-09-30 19:30:00,Martin Atkinson,13,15,4,4,Premier League Round 7 2017/2018,-1,85,82,85,84,84,81,85,83,-1,2017,9,30,7
317,317,Arsenal,Brighton,2,0,2017-10-01 14:00:00,Kevin Friend,13,7,1,0,Premier League Round 7 2017/2018,2,86,80,82,83,74,73,74,74,1,2017,10,1,7
318,318,Everton,Burnley,0,1,2017-10-01 16:15:00,Jonathan Moss,7,6,4,6,Premier League Round 7 2017/2018,-1,79,79,82,80,74,75,75,75,-1,2017,10,1,7
319,319,Newcastle,Liverpool,1,1,2017-10-01 18:30:00,Craig Pawson,9,6,2,2,Premier League Round 7 2017/2018,0,74,75,75,75,83,80,82,82,0,2017,10,1,7
320,320,West Ham,Tottenham,2,3,2017-09-23 14:30:00,Michael Oliver,10,11,4,4,Premier League Round 6 2017/2018,-1,80,78,79,79,86,81,82,82,-1,2017,9,23,6
321,321,Burnley,Huddersfield,0,0,2017-09-23 17:00:00,Chris Kavanagh,8,5,5,4,Premier League Round 6 2017/2018,0,74,75,75,75,73,72,73,73,0,2017,9,23,6
322,322,Everton,Bournemouth,2,1,2017-09-23 17:00:00,Martin Atkinson,3,9,4,4,Premier League Round 6 2017/2018,1,79,79,82,80,76,75,74,75,1,2017,9,23,6
323,323,Man City,Crystal Palace,5,0,2017-09-23 17:00:00,Neil Swarbrick,15,6,4,5,Premier League Round 6 2017/2018,5,84,81,85,83,81,75,76,76,1,2017,9,23,6
324,324,Southampton,Man United,0,1,2017-09-23 17:00:00,Craig Pawson,7,13,4,4,Premier League Round 6 2017/2018,-1,78,77,78,78,86,81,83,83,-1,2017,9,23,6
325,325,Stoke,Chelsea,0,4,2017-09-23 17:00:00,Mike Dean,5,13,5,4,Premier League Round 6 2017/2018,-4,78,77,77,77,85,82,85,84,-1,2017,9,23,6
326,326,Swansea,Watford,1,2,2017-09-23 17:00:00,Lee Mason,10,7,4,4,Premier League Round 6 2017/2018,-1,75,75,77,76,77,76,76,77,-1,2017,9,23,6
327,327,Leicester,Liverpool,2,3,2017-09-23 19:30:00,Anthony Taylor,7,5,1,2,Premier League Round 6 2017/2018,-1,79,76,79,78,83,80,82,82,-1,2017,9,23,6
328,328,Brighton,Newcastle,1,0,2017-09-24 18:00:00,Andre Marriner,7,9,6,4,Premier League Round 6 2017/2018,1,74,73,74,74,74,75,75,75,1,2017,9,24,6
329,329,Arsenal,West Brom,2,0,2017-09-25 22:00:00,Robert Madley,10,5,1,0,Premier League Round 6 2017/2018,2,86,80,82,83,80,76,75,76,1,2017,9,25,6
330,330,Bournemouth,Brighton,2,1,2017-09-15 22:00:00,Craig Pawson,3,7,4,5,Premier League Round 5 2017/2018,1,76,75,74,75,74,73,74,74,1,2017,9,15,5
331,331,Crystal Palace,Southampton,0,1,2017-09-16 14:30:00,Robert Madley,3,5,5,4,Premier League Round 5 2017/2018,-1,81,75,76,76,78,77,78,78,-1,2017,9,16,5
332,332,Huddersfield,Leicester,1,1,2017-09-16 17:00:00,Jon Moss,10,6,1,1,Premier League Round 5 2017/2018,0,73,72,73,73,79,76,79,78,0,2017,9,16,5
333,333,Liverpool,Burnley,1,1,2017-09-16 17:00:00,Roger East,10,10,5,4,Premier League Round 5 2017/2018,0,83,80,82,82,74,75,75,75,0,2017,9,16,5
334,334,Newcastle,Stoke,2,1,2017-09-16 17:00:00,Stuart Attwell,6,8,4,5,Premier League Round 5 2017/2018,1,74,75,75,75,78,77,77,77,1,2017,9,16,5
335,335,Watford,Man City,0,6,2017-09-16 17:00:00,Anthony Taylor,8,10,4,4,Premier League Round 5 2017/2018,-6,77,76,76,77,84,81,85,83,-1,2017,9,16,5
336,336,West Brom,West Ham,0,0,2017-09-16 17:00:00,Paul Tierney,10,6,4,4,Premier League Round 5 2017/2018,0,80,76,75,76,80,78,79,79,0,2017,9,16,5
337,337,Tottenham,Swansea,0,0,2017-09-16 19:30:00,Mike Dean,10,7,5,4,Premier League Round 5 2017/2018,0,86,81,82,82,75,75,77,76,0,2017,9,16,5
338,338,Chelsea,Arsenal,0,0,2017-09-17 15:30:00,Michael Oliver,12,9,4,4,Premier League Round 5 2017/2018,0,85,82,85,84,86,80,82,83,0,2017,9,17,5
339,339,Man United,Everton,4,0,2017-09-17 18:00:00,Andre Marriner,13,2,0,4,Premier League Round 5 2017/2018,4,86,81,83,83,79,79,82,80,1,2017,9,17,5
340,340,Man City,Liverpool,5,0,2017-09-09 14:30:00,Jonathan Moss,10,13,4,4,Premier League Round 4 2017/2018,5,84,81,85,83,83,80,82,82,1,2017,9,9,4
341,341,Arsenal,Bournemouth,3,0,2017-09-09 17:00:00,Anthony Taylor,6,4,4,4,Premier League Round 4 2017/2018,3,86,80,82,83,76,75,74,75,1,2017,9,9,4
342,342,Brighton,West Brom,3,1,2017-09-09 17:00:00,Chris Kavanagh,4,10,1,0,Premier League Round 4 2017/2018,2,74,73,74,74,80,76,75,76,1,2017,9,9,4
343,343,Everton,Tottenham,0,3,2017-09-09 17:00:00,Graham Scott,8,7,4,4,Premier League Round 4 2017/2018,-3,79,79,82,80,86,81,82,82,-1,2017,9,9,4
344,344,Leicester,Chelsea,1,2,2017-09-09 17:00:00,Lee Mason,9,6,4,4,Premier League Round 4 2017/2018,-1,79,76,79,78,85,82,85,84,-1,2017,9,9,4
345,345,Southampton,Watford,0,2,2017-09-09 17:00:00,Lee Probert,8,6,4,4,Premier League Round 4 2017/2018,-2,78,77,78,78,77,76,76,77,-1,2017,9,9,4
346,346,Stoke,Man United,2,2,2017-09-09 19:30:00,Neil Swarbrick,10,12,5,4,Premier League Round 4 2017/2018,0,78,77,77,77,86,81,83,83,0,2017,9,9,4
347,347,Burnley,Crystal Palace,1,0,2017-09-10 15:30:00,Michael Oliver,8,4,4,5,Premier League Round 4 2017/2018,1,74,75,75,75,81,75,76,76,1,2017,9,10,4
348,348,Swansea,Newcastle,0,1,2017-09-10 18:00:00,Mike Jones,10,6,1,1,Premier League Round 4 2017/2018,-1,75,75,77,76,74,75,75,75,-1,2017,9,10,4
349,349,West Ham,Huddersfield,2,0,2017-09-11 22:00:00,Kevin Friend,3,13,0,1,Premier League Round 4 2017/2018,2,80,78,79,79,73,72,73,73,1,2017,9,11,4
350,350,Bournemouth,Man City,1,2,2017-08-26 14:30:00,Mike Dean,7,10,5,4,Premier League Round 3 2017/2018,-1,76,75,74,75,84,81,85,83,-1,2017,8,26,3
351,351,Crystal Palace,Swansea,0,2,2017-08-26 17:00:00,Andre Marriner,5,10,4,4,Premier League Round 3 2017/2018,-2,81,75,76,76,75,75,77,76,-1,2017,8,26,3
352,352,Huddersfield,Southampton,0,0,2017-08-26 17:00:00,Stuart Attwell,11,7,4,4,Premier League Round 3 2017/2018,0,73,72,73,73,78,77,78,78,0,2017,8,26,3
353,353,Newcastle,West Ham,3,0,2017-08-26 17:00:00,Neil Swarbrick,6,4,1,0,Premier League Round 3 2017/2018,3,74,75,75,75,80,78,79,79,1,2017,8,26,3
354,354,Watford,Brighton,0,0,2017-08-26 17:00:00,Graham Scott,6,4,4,4,Premier League Round 3 2017/2018,0,77,76,76,77,74,73,74,74,0,2017,8,26,3
355,355,Man United,Leicester,2,0,2017-08-26 19:30:00,Michael Oliver,12,9,4,4,Premier League Round 3 2017/2018,2,86,81,83,83,79,76,79,78,1,2017,8,26,3
356,356,Chelsea,Everton,2,0,2017-08-27 15:30:00,Jonathan Moss,3,9,4,4,Premier League Round 3 2017/2018,2,85,82,85,84,79,79,82,80,1,2017,8,27,3
357,357,West Brom,Stoke,1,1,2017-08-27 15:30:00,Anthony Taylor,10,9,4,5,Premier League Round 3 2017/2018,0,80,76,75,76,78,77,77,77,0,2017,8,27,3
358,358,Liverpool,Arsenal,4,0,2017-08-27 18:00:00,Craig Pawson,13,9,2,1,Premier League Round 3 2017/2018,4,83,80,82,82,86,80,82,83,1,2017,8,27,3
359,359,Tottenham,Burnley,1,1,2017-08-27 18:00:00,Lee Mason,6,8,4,4,Premier League Round 3 2017/2018,0,86,81,82,82,74,75,75,75,0,2017,8,27,3
360,360,Swansea,Man United,0,4,2017-08-19 14:30:00,Jon Moss,11,9,4,4,Premier League Round 2 2017/2018,-4,75,75,77,76,86,81,83,83,-1,2017,8,19,2
361,361,Bournemouth,Watford,0,2,2017-08-19 17:00:00,Roger East,7,9,4,4,Premier League Round 2 2017/2018,-2,76,75,74,75,77,76,76,77,-1,2017,8,19,2
362,362,Burnley,West Brom,0,1,2017-08-19 17:00:00,Martin Atkinson,11,4,5,5,Premier League Round 2 2017/2018,-1,74,75,75,75,80,76,75,76,-1,2017,8,19,2
363,363,Leicester,Brighton,2,0,2017-08-19 17:00:00,Lee Probert,4,5,5,5,Premier League Round 2 2017/2018,2,79,76,79,78,74,73,74,74,1,2017,8,19,2
364,364,Liverpool,Crystal Palace,1,0,2017-08-19 17:00:00,Kevin Friend,10,5,4,4,Premier League Round 2 2017/2018,1,83,80,82,82,81,75,76,76,1,2017,8,19,2
365,365,Southampton,West Ham,3,2,2017-08-19 17:00:00,Lee Mason,8,2,4,3,Premier League Round 2 2017/2018,1,78,77,78,78,80,78,79,79,1,2017,8,19,2
366,366,Stoke,Arsenal,1,0,2017-08-19 19:30:00,Andre Marriner,6,9,4,4,Premier League Round 2 2017/2018,1,78,77,77,77,86,80,82,83,1,2017,8,19,2
367,367,Huddersfield,Newcastle,1,0,2017-08-20 15:30:00,Craig Pawson,8,9,1,1,Premier League Round 2 2017/2018,1,73,72,73,73,74,75,75,75,1,2017,8,20,2
368,368,Tottenham,Chelsea,1,2,2017-08-20 18:00:00,Anthony Taylor,9,3,4,5,Premier League Round 2 2017/2018,-1,86,81,82,82,85,82,85,84,-1,2017,8,20,2
369,369,Man City,Everton,1,1,2017-08-21 22:00:00,Robert Madley,12,13,4,4,Premier League Round 2 2017/2018,0,84,81,85,83,79,79,82,80,0,2017,8,21,2
370,370,Arsenal,Leicester,4,3,2017-08-11 21:45:00,Mike Dean,9,7,1,0,Premier League Round 1,1,86,80,82,83,79,76,79,78,1,2017,8,11,1
371,371,Watford,Liverpool,3,3,2017-08-12 14:30:00,Anthony Taylor,8,12,4,4,Premier League Round 1 2017/2018,0,77,76,76,77,83,80,82,82,0,2017,8,12,1
372,372,Chelsea,Burnley,2,3,2017-08-12 17:00:00,Craig Pawson,3,11,4,5,Premier League Round 1 2017/2018,-1,85,82,85,84,74,75,75,75,-1,2017,8,12,1
373,373,Crystal Palace,Huddersfield,0,3,2017-08-12 17:00:00,Jonathan Moss,8,5,5,4,Premier League Round 1 2017/2018,-3,81,75,76,76,73,72,73,73,-1,2017,8,12,1
374,374,Everton,Stoke,1,0,2017-08-12 17:00:00,Neil Swarbrick,11,6,4,5,Premier League Round 1 2017/2018,1,79,79,82,80,78,77,77,77,1,2017,8,12,1
375,375,Southampton,Swansea,0,0,2017-08-12 17:00:00,Mike Jones,8,11,4,4,Premier League Round 1 2017/2018,0,78,77,78,78,75,75,77,76,0,2017,8,12,1
376,376,West Brom,Bournemouth,1,0,2017-08-12 17:00:00,Robert Madley,4,10,4,4,Premier League Round 1 2017/2018,1,80,76,75,76,76,75,74,75,1,2017,8,12,1
377,377,Brighton,Man City,0,2,2017-08-12 19:30:00,Michael Oliver,8,12,4,4,Premier League Round 1 2017/2018,-2,74,73,74,74,84,81,85,83,-1,2017,8,12,1
378,378,Newcastle,Tottenham,0,2,2017-08-13 15:30:00,Andre Marriner,10,9,4,4,Premier League Round 1 2017/2018,-2,74,75,75,75,86,81,82,82,-1,2017,8,13,1
379,379,Man United,West Ham,4,0,2017-08-13 18:00:00,Martin Atkinson,9,5,4,4,Premier League Round 1 2017/2018,4,86,81,83,83,80,78,79,79,1,2017,8,13,1
